{
    "strict": {
        "all": {
            "n_galaxies": 44,
            "mean_ratio": 1.5373455758288523,
            "std_ratio": 1.1522461071411403,
            "sem_ratio": 0.17370763652430954,
            "mean_z_score": 0.48727842423137885,
            "combined_z": 3.232239403222213,
            "combined_p": 0.0006141205378065173,
            "n_galaxies_2sigma": 21,
            "n_galaxies_1sigma": 22,
            "t_stat_cdm": 3.0933906337137542,
            "p_value_cdm": 0.000989417371349055,
            "t_stat_sdh": 2.402574717954019,
            "p_value_sdh": 0.991859945828948,
            "winner": "SDH+",
            "confidence": "HIGH",
            "success": true,
            "overall_conclusion": "SDH+ (HIGH) - 3.2\u03c3 ensemble significance"
        },
        "spirals": {
            "n_galaxies": 36,
            "mean_ratio": 1.4790576573298628,
            "std_ratio": 1.219169760824214,
            "sem_ratio": 0.203194960137369,
            "mean_z_score": -0.4241858683814046,
            "combined_z": -2.5451152102884276,
            "combined_p": 0.994537915563938,
            "n_galaxies_2sigma": 15,
            "n_galaxies_1sigma": 16,
            "t_stat_cdm": 2.3576256862177987,
            "p_value_cdm": 0.009196113993511612,
            "t_stat_sdh": 1.7670598576220762,
            "p_value_sdh": 0.9613908978383023,
            "winner": "INCONCLUSIVE",
            "confidence": "LOW",
            "success": true,
            "overall_conclusion": "INCONCLUSIVE (LOW) - -2.5\u03c3 ensemble significance"
        },
        "dwarfs": {
            "n_galaxies": 8,
            "mean_ratio": 1.7996412090743068,
            "std_ratio": 0.7276099651742415,
            "sem_ratio": 0.2572489702168069,
            "mean_z_score": 4.5888677409889045,
            "combined_z": 12.979277990485793,
            "combined_p": 0.0,
            "n_galaxies_2sigma": 6,
            "n_galaxies_1sigma": 6,
            "t_stat_cdm": 3.1084330809968916,
            "p_value_cdm": 0.0009404111712340013,
            "t_stat_sdh": 2.64195891047304,
            "p_value_sdh": 0.9958785972393787,
            "winner": "SDH+",
            "confidence": "HIGH",
            "success": true,
            "overall_conclusion": "SDH+ (HIGH) - 13.0\u03c3 ensemble significance"
        }
    },
    "relaxed": {
        "all": {
            "n_galaxies": 77,
            "mean_ratio": 1.4083262933073057,
            "std_ratio": 0.9840321995793698,
            "sem_ratio": 0.11214087671891047,
            "mean_z_score": -0.2951801254025969,
            "combined_z": -2.590195088273729,
            "combined_p": 0.9952039222582487,
            "n_galaxies_2sigma": 35,
            "n_galaxies_1sigma": 36,
            "t_stat_cdm": 3.6411904851681003,
            "p_value_cdm": 0.000135690123870158,
            "t_stat_sdh": 2.5711078934224596,
            "p_value_sdh": 0.9949313130540992,
            "winner": "INCONCLUSIVE",
            "confidence": "LOW",
            "success": true,
            "overall_conclusion": "INCONCLUSIVE (LOW) - -2.6\u03c3 ensemble significance"
        },
        "spirals": {
            "n_galaxies": 64,
            "mean_ratio": 1.3480684384262411,
            "std_ratio": 0.995042264738088,
            "sem_ratio": 0.124380283092261,
            "mean_z_score": -1.0431696351610478,
            "combined_z": -8.345357081288382,
            "combined_p": 1.0,
            "n_galaxies_2sigma": 27,
            "n_galaxies_1sigma": 28,
            "t_stat_cdm": 2.7984213395627666,
            "p_value_cdm": 0.0025676537935118704,
            "t_stat_sdh": 1.8336382001725124,
            "p_value_sdh": 0.9666461410943635,
            "winner": "INCONCLUSIVE",
            "confidence": "LOW",
            "success": true,
            "overall_conclusion": "INCONCLUSIVE (LOW) - -8.3\u03c3 ensemble significance"
        },
        "dwarfs": {
            "n_galaxies": 13,
            "mean_ratio": 1.7049803481063939,
            "std_ratio": 0.869003707886319,
            "sem_ratio": 0.24101826364249643,
            "mean_z_score": 3.3872297687928556,
            "combined_z": 12.212830613160675,
            "combined_p": 0.0,
            "n_galaxies_2sigma": 8,
            "n_galaxies_1sigma": 8,
            "t_stat_cdm": 2.925007995045947,
            "p_value_cdm": 0.001722236867669702,
            "t_stat_sdh": 2.4271204151320998,
            "p_value_sdh": 0.9923903982218139,
            "winner": "SDH+",
            "confidence": "HIGH",
            "success": true,
            "overall_conclusion": "SDH+ (HIGH) - 12.2\u03c3 ensemble significance"
        }
    },
    "minimal": {
        "all": {
            "n_galaxies": 100,
            "mean_ratio": 1.4840329633841582,
            "std_ratio": 1.3803403229344897,
            "sem_ratio": 0.13803403229344896,
            "mean_z_score": -1.2277978868252044,
            "combined_z": -12.277978868252044,
            "combined_p": 1.0,
            "n_galaxies_2sigma": 45,
            "n_galaxies_1sigma": 46,
            "t_stat_cdm": 3.5066204713569773,
            "p_value_cdm": 0.00022691797361185095,
            "t_stat_sdh": 2.6372696452875775,
            "p_value_sdh": 0.9958211816224262,
            "winner": "INCONCLUSIVE",
            "confidence": "LOW",
            "success": true,
            "overall_conclusion": "INCONCLUSIVE (LOW) - -12.3\u03c3 ensemble significance"
        },
        "spirals": {
            "n_galaxies": 84,
            "mean_ratio": 1.4326353714672293,
            "std_ratio": 1.4269819657826501,
            "sem_ratio": 0.1556964969889495,
            "mean_z_score": -2.011953935221788,
            "combined_z": -18.439862405836244,
            "combined_p": 1.0,
            "n_galaxies_2sigma": 36,
            "n_galaxies_1sigma": 37,
            "t_stat_cdm": 2.7787097322936907,
            "p_value_cdm": 0.0027287634504586933,
            "t_stat_sdh": 2.0079794826046626,
            "p_value_sdh": 0.9776772640067033,
            "winner": "INCONCLUSIVE",
            "confidence": "LOW",
            "success": true,
            "overall_conclusion": "INCONCLUSIVE (LOW) - -18.4\u03c3 ensemble significance"
        },
        "dwarfs": {
            "n_galaxies": 16,
            "mean_ratio": 1.7538703209480342,
            "std_ratio": 1.0635944097992391,
            "sem_ratio": 0.2658986024498098,
            "mean_z_score": 2.8890213672568597,
            "combined_z": 11.556085469027439,
            "combined_p": 0.0,
            "n_galaxies_2sigma": 9,
            "n_galaxies_1sigma": 9,
            "t_stat_cdm": 2.8351797038509536,
            "p_value_cdm": 0.0022899957505818636,
            "t_stat_sdh": 2.383879851597496,
            "p_value_sdh": 0.9914344027741108,
            "winner": "SDH+",
            "confidence": "HIGH",
            "success": true,
            "overall_conclusion": "SDH+ (HIGH) - 11.6\u03c3 ensemble significance"
        }
    },
    "maximal": {
        "all": {
            "n_galaxies": 161,
            "mean_ratio": 1.342575633704974,
            "std_ratio": 1.4173352688471113,
            "sem_ratio": 0.11170166745081019,
            "mean_z_score": -18.727367672040636,
            "combined_z": -237.62365683519522,
            "combined_p": 1.0,
            "n_galaxies_2sigma": 65,
            "n_galaxies_1sigma": 66,
            "t_stat_cdm": 3.066880213366852,
            "p_value_cdm": 0.0010815276022871911,
            "t_stat_sdh": 1.9925900730442447,
            "p_value_sdh": 0.97684682345393,
            "winner": "INCONCLUSIVE",
            "confidence": "LOW",
            "success": true,
            "overall_conclusion": "INCONCLUSIVE (LOW) - -237.6\u03c3 ensemble significance"
        },
        "spirals": {
            "n_galaxies": 136,
            "mean_ratio": 1.342353240398095,
            "std_ratio": 1.4770300260284173,
            "sem_ratio": 0.12665427983843827,