{
  "strict": {
    "quality_level": "strict",
    "total_galaxies": 173,
    "quality_galaxies": 61,
    "spirals_quality": 52,
    "dwarfs_quality": 9,
    "all_results": {
      "n_galaxies": 58,
      "mean_ratio": 0.8621854624882429,
      "std_ratio": 0.8218426948744827,
      "sem_ratio": 0.10791323263578971,
      "mean_z_score": -19.39793891846537,
      "combined_z": -147.7303015244394,
      "combined_p": 1.0,
      "n_galaxies_2sigma": 10,
      "n_galaxies_1sigma": 11,
      "t_stat_cdm": -1.2770865457889224,
      "p_value_cdm": 0.8992141528637099,
      "t_stat_sdh": -2.389091043003862,
      "p_value_sdh": 0.008445058127291693,
      "winner": "\u039bCDM",
      "confidence": "HIGH",
      "success": true
    },
    "spirals_results": {
      "n_galaxies": 49,
      "mean_ratio": 0.7775212111973191,
      "std_ratio": 0.7876070619870049,
      "sem_ratio": 0.11251529456957213,
      "mean_z_score": -19.801742791433284,
      "combined_z": -138.61219954003298,
      "combined_p": 1.0,
      "n_galaxies_2sigma": 7,
      "n_galaxies_1sigma": 7,
      "t_stat_cdm": -1.9773204136715343,
      "p_value_cdm": 0.9759972881820153,
      "t_stat_sdh": -3.043842084872421,
      "p_value_sdh": 0.0011678885685232,
      "winner": "\u039bCDM",
      "confidence": "HIGH",
      "success": true
    },
    "dwarfs_results": {
      "n_galaxies": 9,
      "mean_ratio": 1.3231352750721612,
      "std_ratio": 0.8508328241592596,
      "sem_ratio": 0.2836109413864199,
      "mean_z_score": -17.19945116564008,
      "combined_z": -51.59835349692024,
      "combined_p": 1.0,
      "n_galaxies_2sigma": 3,
      "n_galaxies_1sigma": 4,
      "t_stat_cdm": 1.139361103251265,
      "p_value_cdm": 0.12727628620181264,
      "t_stat_sdh": 0.7162462565059834,
      "p_value_sdh": 0.763080347256023,
      "winner": "INCONCLUSIVE",
      "confidence": "LOW",
      "success": true
    }
  },
  "relaxed": {
    "quality_level": "relaxed",
    "total_galaxies": 173,
    "quality_galaxies": 95,
    "spirals_quality": 81,
    "dwarfs_quality": 14,
    "all_results": {
      "n_galaxies": 90,
      "mean_ratio": 0.8386882379538249,
      "std_ratio": 0.730536576251709,
      "sem_ratio": 0.07700531650055577,
      "mean_z_score": -13.772230089209021,
      "combined_z": -130.65484662541337,
      "combined_p": 1.0,
      "n_galaxies_2sigma": 12,
      "n_galaxies_1sigma": 13,
      "t_stat_cdm": -2.0948133112992386,
      "p_value_cdm": 0.9819062043280565,
      "t_stat_sdh": -3.653147273852773,
      "p_value_sdh": 0.00012952277654369352,
      "winner": "\u039bCDM",
      "confidence": "HIGH",
      "success": true
    },
    "spirals_results": {
      "n_galaxies": 76,
      "mean_ratio": 0.7542266425052421,
      "std_ratio": 0.6834656797383656,
      "sem_ratio": 0.07839889024625973,
      "mean_z_score": -14.26096307784725,
      "combined_z": -124.32419378780187,
      "combined_p": 1.0,
      "n_galaxies_2sigma": 9,
      "n_galaxies_1sigma": 9,
      "t_stat_cdm": -3.13490862846089,
      "p_value_cdm": 0.9991404617651016,
      "t_stat_sdh": -4.665542539515837,
      "p_value_sdh": 1.53901903052883e-06,
      "winner": "\u039bCDM",
      "confidence": "HIGH",
      "success": true
    },
    "dwarfs_results": {
      "n_galaxies": 14,
      "mean_ratio": 1.2971940418175598,
      "std_ratio": 0.8037703424813003,
      "sem_ratio": 0.214816659943927,
      "mean_z_score": -11.1191081508872,
      "combined_z": -41.60389314710543,
      "combined_p": 1.0,
      "n_galaxies_2sigma": 3,
      "n_galaxies_1sigma": 4,
      "t_stat_cdm": 1.383477621778197,
      "p_value_cdm": 0.08325923218418896,
      "t_stat_sdh": 0.8248617302950906,
      "p_value_sdh": 0.7952749522695166,
      "winner": "INCONCLUSIVE",
      "confidence": "LOW",
      "success": true
    }
  },
  "minimal": {
    "quality_level": "minimal",
    "total_galaxies": 173,
    "quality_galaxies": 126,
    "spirals_quality": 106,
    "dwarfs_quality": 19,
    "all_results": {
      "n_galaxies": 117,
      "mean_ratio": 0.81269586610617,
      "std_ratio": 0.6759868710340808,
      "sem_ratio": 0.06249500833471388,
      "mean_z_score": -12.384322548950811,
      "combined_z": -133.95692988638112,
      "combined_p": 1.0,
      "n_galaxies_2sigma": 13,
      "n_galaxies_1sigma": 15,
      "t_stat_cdm": -2.9971055110618954,
      "p_value_cdm": 0.9986372181931558,
      "t_stat_sdh": -4.917258867267532,
      "p_value_sdh": 4.3882230640678726e-07,
      "winner": "\u039bCDM",
      "confidence": "HIGH",
      "success": true
    },
    "spirals_results": {
      "n_galaxies": 99,
      "mean_ratio": 0.7515311691017582,
      "std_ratio": 0.636097356812367,
      "sem_ratio": 0.06393018977828609,
      "mean_z_score": -12.31974265954325,
      "combined_z": -122.57989174632033,
      "combined_p": 1.0,
      "n_galaxies_2sigma": 10,
      "n_galaxies_1sigma": 11,
      "t_stat_cdm": -3.886564888356304,
      "p_value_cdm": 0.9999491636210263,
      "t_stat_sdh": -5.763612343027839,
      "p_value_sdh": 4.116620243941423e-09,
      "winner": "\u039bCDM",
      "confidence": "HIGH",
      "success": true
    },
    "dwarfs_results": {
      "n_galaxies": 17,
      "mean_ratio": 1.2082344473246507,
      "std_ratio": 0.7642510702337816,
      "sem_ratio": 0.18535811100383662,
      "mean_z_score": -10.110870482659601,
      "combined_z": -41.68818696694535,
      "combined_p": 1.0,
      "n_galaxies_2sigma": 3,
      "n_galaxies_1sigma": 4,
      "t_stat_cdm": 1.1234169694378282,
      "p_value_cdm": 0.13063022304450456,
      "t_stat_sdh": 0.4760215069456781,
      "p_value_sdh": 0.6829704720619716,
      "winner": "INCONCLUSIVE",
      "confidence": "LOW",
      "success": true
    }
  }
}