{"sigma_rar": 0.3135054169857575, "sigma_s8": 0.14630252792668685}