{
  "n_galaxies": 58,
  "mean_ratio": 0.8621854624882429,
  "std_ratio": 0.8218426948744827,
  "sem_ratio": 0.10791323263578971,
  "mean_z_score": -19.39793891846537,
  "combined_z": -147.7303015244394,
  "combined_p": 1.0,
  "n_galaxies_2sigma": 10,
  "n_galaxies_1sigma": 11,
  "t_stat_cdm": -1.2770865457889224,
  "p_value_cdm": 0.8992141528637099,
  "t_stat_sdh": -2.389091043003862,
  "p_value_sdh": 0.008445058127291693,
  "winner": "\u039bCDM",
  "confidence": "HIGH",
  "success": true
}