{
  "n_galaxies": 49,
  "mean_ratio": 0.7775212111973191,
  "std_ratio": 0.7876070619870049,
  "sem_ratio": 0.11251529456957213,
  "mean_z_score": -19.801742791433284,
  "combined_z": -138.61219954003298,
  "combined_p": 1.0,
  "n_galaxies_2sigma": 7,
  "n_galaxies_1sigma": 7,
  "t_stat_cdm": -1.9773204136715343,
  "p_value_cdm": 0.9759972881820153,
  "t_stat_sdh": -3.043842084872421,
  "p_value_sdh": 0.0011678885685232,
  "winner": "\u039bCDM",
  "confidence": "HIGH",
  "success": true
}