{
  "n_galaxies": 117,
  "mean_ratio": 0.81269586610617,
  "std_ratio": 0.6759868710340808,
  "sem_ratio": 0.06249500833471388,
  "mean_z_score": -12.384322548950811,
  "combined_z": -133.95692988638112,
  "combined_p": 1.0,
  "n_galaxies_2sigma": 13,
  "n_galaxies_1sigma": 15,
  "t_stat_cdm": -2.9971055110618954,
  "p_value_cdm": 0.9986372181931558,
  "t_stat_sdh": -4.917258867267532,
  "p_value_sdh": 4.3882230640678726e-07,
  "winner": "\u039bCDM",
  "confidence": "HIGH",
  "success": true
}